{
  "type": "service_account",
  "project_id": "ai-assistant-project",
  "private_key_id": "placeholder_key_id",
  "private_key": "-----BEGIN PRIVATE KEY-----\nMIIEvQIBADANBgkqhkiG9w0BAQEFAASCBKcwggSjAgEAAoIBAQC7VJTUt9Us8cKj\nMzEfYyjiWA4R4/M2bS1GB4t7NXp98C3SC6dVMvDuictGeurT8jNbvJZHtCSuYEvu\nNMoSfm76oqFvAp8Gy0iz5sxjZmSnXyCdPEovGhLa0VzMaQ8s+CLOyS56YyCFGeJZ\n-----END PRIVATE KEY-----\n",
  "client_email": "speech-to-text@ai-assistant-project.iam.gserviceaccount.com",
  "client_id": "placeholder_client_id",
  "auth_uri": "https://accounts.google.com/o/oauth2/auth",
  "token_uri": "https://oauth2.googleapis.com/token",
  "auth_provider_x509_cert_url": "https://www.googleapis.com/oauth2/v1/certs",
  "client_x509_cert_url": "https://www.googleapis.com/robot/v1/metadata/x509/speech-to-text%40ai-assistant-project.iam.gserviceaccount.com",
  "universe_domain": "googleapis.com"
}
